request_id,success,status_code,error,latency_ms,first_frame_latency_ms,response_bytes,start_time,end_time,relative_end_second,body_template_index,body_template_label,debug_info
2,True,0,,350.9051001165062,343.34519994445145,275,2026-06-25 21:09:00.737,2026-06-25 21:09:01.087,0,2,Body #2,"target=47.94.77.104:8004, method_path=/com.tcl.xr.voice.message.AlgorithmNlpService/Chat, request=com.tcl.xr.voice.message.ChatRequest, response=com.tcl.xr.voice.message.ChatResponse, server_streaming=True, payload_bytes=171"
3,True,0,,297.8796998504549,291.6170998942107,232,2026-06-25 21:09:01.088,2026-06-25 21:09:01.385,1,3,Body #3,"target=47.94.77.104:8004, method_path=/com.tcl.xr.voice.message.AlgorithmNlpService/Chat, request=com.tcl.xr.voice.message.ChatRequest, response=com.tcl.xr.voice.message.ChatResponse, server_streaming=True, payload_bytes=191"
4,True,0,,359.57180010154843,352.1784001495689,288,2026-06-25 21:09:01.264,2026-06-25 21:09:01.623,1,4,Body #4,"target=47.94.77.104:8004, method_path=/com.tcl.xr.voice.message.AlgorithmNlpService/Chat, request=com.tcl.xr.voice.message.ChatRequest, response=com.tcl.xr.voice.message.ChatResponse, server_streaming=True, payload_bytes=182"
1,True,0,,1592.9722001310438,1570.9212000947446,2754,2026-06-25 21:09:00.209,2026-06-25 21:09:01.802,1,1,Body #1,"target=47.94.77.104:8004, method_path=/com.tcl.xr.voice.message.AlgorithmNlpService/Chat, request=com.tcl.xr.voice.message.ChatRequest, response=com.tcl.xr.voice.message.ChatResponse, server_streaming=True, payload_bytes=179"
5,True,0,,852.6536000426859,843.8254999928176,423,2026-06-25 21:09:01.386,2026-06-25 21:09:02.238,2,5,Body #5,"target=47.94.77.104:8004, method_path=/com.tcl.xr.voice.message.AlgorithmNlpService/Chat, request=com.tcl.xr.voice.message.ChatRequest, response=com.tcl.xr.voice.message.ChatResponse, server_streaming=True, payload_bytes=189"
6,True,0,,658.5647000465542,645.522000035271,435,2026-06-25 21:09:01.623,2026-06-25 21:09:02.283,2,6,Body #6,"target=47.94.77.104:8004, method_path=/com.tcl.xr.voice.message.AlgorithmNlpService/Chat, request=com.tcl.xr.voice.message.ChatRequest, response=com.tcl.xr.voice.message.ChatResponse, server_streaming=True, payload_bytes=209"
7,True,0,,865.0972999166697,845.9169999696314,1323,2026-06-25 21:09:01.791,2026-06-25 21:09:02.655,2,7,Body #7,"target=47.94.77.104:8004, method_path=/com.tcl.xr.voice.message.AlgorithmNlpService/Chat, request=com.tcl.xr.voice.message.ChatRequest, response=com.tcl.xr.voice.message.ChatResponse, server_streaming=True, payload_bytes=173"
8,True,0,,999.6097998227924,983.7711998261511,3105,2026-06-25 21:09:01.802,2026-06-25 21:09:02.803,2,8,Body #8,"target=47.94.77.104:8004, method_path=/com.tcl.xr.voice.message.AlgorithmNlpService/Chat, request=com.tcl.xr.voice.message.ChatRequest, response=com.tcl.xr.voice.message.ChatResponse, server_streaming=True, payload_bytes=182"
9,True,0,,647.386800032109,636.9006000459194,392,2026-06-25 21:09:02.239,2026-06-25 21:09:02.886,2,9,Body #9,"target=47.94.77.104:8004, method_path=/com.tcl.xr.voice.message.AlgorithmNlpService/Chat, request=com.tcl.xr.voice.message.ChatRequest, response=com.tcl.xr.voice.message.ChatResponse, server_streaming=True, payload_bytes=255"
12,True,0,,296.87309986911714,288.52740000002086,277,2026-06-25 21:09:02.656,2026-06-25 21:09:02.953,2,2,Body #2,"target=47.94.77.104:8004, method_path=/com.tcl.xr.voice.message.AlgorithmNlpService/Chat, request=com.tcl.xr.voice.message.ChatRequest, response=com.tcl.xr.voice.message.ChatResponse, server_streaming=True, payload_bytes=171"
14,True,0,,298.75379987061024,286.4621998742223,288,2026-06-25 21:09:02.845,2026-06-25 21:09:03.144,2,4,Body #4,"target=47.94.77.104:8004, method_path=/com.tcl.xr.voice.message.AlgorithmNlpService/Chat, request=com.tcl.xr.voice.message.ChatRequest, response=com.tcl.xr.voice.message.ChatResponse, server_streaming=True, payload_bytes=182"
13,True,0,,387.79489998705685,377.709100022912,232,2026-06-25 21:09:02.803,2026-06-25 21:09:03.190,2,3,Body #3,"target=47.94.77.104:8004, method_path=/com.tcl.xr.voice.message.AlgorithmNlpService/Chat, request=com.tcl.xr.voice.message.ChatRequest, response=com.tcl.xr.voice.message.ChatResponse, server_streaming=True, payload_bytes=191"
10,True,0,,1150.061700027436,1122.9676001239568,2740,2026-06-25 21:09:02.283,2026-06-25 21:09:03.432,3,10,Body #10,"target=47.94.77.104:8004, method_path=/com.tcl.xr.voice.message.AlgorithmNlpService/Chat, request=com.tcl.xr.voice.message.ChatRequest, response=com.tcl.xr.voice.message.ChatResponse, server_streaming=True, payload_bytes=298"
11,True,0,,1137.151600094512,1089.901100145653,3382,2026-06-25 21:09:02.318,2026-06-25 21:09:03.455,3,1,Body #1,"target=47.94.77.104:8004, method_path=/com.tcl.xr.voice.message.AlgorithmNlpService/Chat, request=com.tcl.xr.voice.message.ChatRequest, response=com.tcl.xr.voice.message.ChatResponse, server_streaming=True, payload_bytes=179"
15,True,0,,644.7668999899179,634.7584999166429,423,2026-06-25 21:09:02.886,2026-06-25 21:09:03.532,3,5,Body #5,"target=47.94.77.104:8004, method_path=/com.tcl.xr.voice.message.AlgorithmNlpService/Chat, request=com.tcl.xr.voice.message.ChatRequest, response=com.tcl.xr.voice.message.ChatResponse, server_streaming=True, payload_bytes=189"
16,True,0,,609.4521000050008,601.333900121972,435,2026-06-25 21:09:02.953,2026-06-25 21:09:03.563,3,6,Body #6,"target=47.94.77.104:8004, method_path=/com.tcl.xr.voice.message.AlgorithmNlpService/Chat, request=com.tcl.xr.voice.message.ChatRequest, response=com.tcl.xr.voice.message.ChatResponse, server_streaming=True, payload_bytes=209"
22,True,0,,318.5405000112951,310.39290013723075,269,2026-06-25 21:09:03.532,2026-06-25 21:09:03.851,3,2,Body #2,"target=47.94.77.104:8004, method_path=/com.tcl.xr.voice.message.AlgorithmNlpService/Chat, request=com.tcl.xr.voice.message.ChatRequest, response=com.tcl.xr.voice.message.ChatResponse, server_streaming=True, payload_bytes=171"
23,True,0,,331.0269000940025,321.88390009105206,220,2026-06-25 21:09:03.564,2026-06-25 21:09:03.894,3,3,Body #3,"target=47.94.77.104:8004, method_path=/com.tcl.xr.voice.message.AlgorithmNlpService/Chat, request=com.tcl.xr.voice.message.ChatRequest, response=com.tcl.xr.voice.message.ChatResponse, server_streaming=True, payload_bytes=191"
19,True,0,,649.0856998134404,641.8486000038683,392,2026-06-25 21:09:03.373,2026-06-25 21:09:04.021,3,9,Body #9,"target=47.94.77.104:8004, method_path=/com.tcl.xr.voice.message.AlgorithmNlpService/Chat, request=com.tcl.xr.voice.message.ChatRequest, response=com.tcl.xr.voice.message.ChatResponse, server_streaming=True, payload_bytes=255"
17,True,0,,971.9274998642504,960.2212000172585,1202,2026-06-25 21:09:03.144,2026-06-25 21:09:04.116,3,7,Body #7,"target=47.94.77.104:8004, method_path=/com.tcl.xr.voice.message.AlgorithmNlpService/Chat, request=com.tcl.xr.voice.message.ChatRequest, response=com.tcl.xr.voice.message.ChatResponse, server_streaming=True, payload_bytes=173"
24,True,0,,294.16290018707514,282.26160001941025,306,2026-06-25 21:09:03.851,2026-06-25 21:09:04.145,3,4,Body #4,"target=47.94.77.104:8004, method_path=/com.tcl.xr.voice.message.AlgorithmNlpService/Chat, request=com.tcl.xr.voice.message.ChatRequest, response=com.tcl.xr.voice.message.ChatResponse, server_streaming=True, payload_bytes=182"
18,True,0,,1113.6086999904364,1096.3340001180768,2595,2026-06-25 21:09:03.190,2026-06-25 21:09:04.304,4,8,Body #8,"target=47.94.77.104:8004, method_path=/com.tcl.xr.voice.message.AlgorithmNlpService/Chat, request=com.tcl.xr.voice.message.ChatRequest, response=com.tcl.xr.voice.message.ChatResponse, server_streaming=True, payload_bytes=182"
26,True,0,,631.1999999452382,623.6743999179453,433,2026-06-25 21:09:03.901,2026-06-25 21:09:04.533,4,6,Body #6,"target=47.94.77.104:8004, method_path=/com.tcl.xr.voice.message.AlgorithmNlpService/Chat, request=com.tcl.xr.voice.message.ChatRequest, response=com.tcl.xr.voice.message.ChatResponse, server_streaming=True, payload_bytes=209"
25,True,0,,652.457999996841,644.4359999150038,423,2026-06-25 21:09:03.895,2026-06-25 21:09:04.547,4,5,Body #5,"target=47.94.77.104:8004, method_path=/com.tcl.xr.voice.message.AlgorithmNlpService/Chat, request=com.tcl.xr.voice.message.ChatRequest, response=com.tcl.xr.voice.message.ChatResponse, server_streaming=True, payload_bytes=189"
21,True,0,,1123.1984000187367,1106.7250999622047,3382,2026-06-25 21:09:03.455,2026-06-25 21:09:04.578,4,1,Body #1,"target=47.94.77.104:8004, method_path=/com.tcl.xr.voice.message.AlgorithmNlpService/Chat, request=com.tcl.xr.voice.message.ChatRequest, response=com.tcl.xr.voice.message.ChatResponse, server_streaming=True, payload_bytes=179"
20,True,0,,1210.0511000026017,1174.5382000226527,2606,2026-06-25 21:09:03.432,2026-06-25 21:09:04.643,4,10,Body #10,"target=47.94.77.104:8004, method_path=/com.tcl.xr.voice.message.AlgorithmNlpService/Chat, request=com.tcl.xr.voice.message.ChatRequest, response=com.tcl.xr.voice.message.ChatResponse, server_streaming=True, payload_bytes=298"
29,True,0,,676.7878998070955,665.1160998735577,392,2026-06-25 21:09:04.146,2026-06-25 21:09:04.823,4,9,Body #9,"target=47.94.77.104:8004, method_path=/com.tcl.xr.voice.message.AlgorithmNlpService/Chat, request=com.tcl.xr.voice.message.ChatRequest, response=com.tcl.xr.voice.message.ChatResponse, server_streaming=True, payload_bytes=255"
33,True,0,,337.1100998483598,315.4712999239564,232,2026-06-25 21:09:04.548,2026-06-25 21:09:04.885,4,3,Body #3,"target=47.94.77.104:8004, method_path=/com.tcl.xr.voice.message.AlgorithmNlpService/Chat, request=com.tcl.xr.voice.message.ChatRequest, response=com.tcl.xr.voice.message.ChatResponse, server_streaming=True, payload_bytes=191"
32,True,0,,381.3484001439065,367.92970006354153,269,2026-06-25 21:09:04.533,2026-06-25 21:09:04.915,4,2,Body #2,"target=47.94.77.104:8004, method_path=/com.tcl.xr.voice.message.AlgorithmNlpService/Chat, request=com.tcl.xr.voice.message.ChatRequest, response=com.tcl.xr.voice.message.ChatResponse, server_streaming=True, payload_bytes=171"
34,True,0,,383.21160012856126,360.0568000692874,288,2026-06-25 21:09:04.579,2026-06-25 21:09:04.963,4,4,Body #4,"target=47.94.77.104:8004, method_path=/com.tcl.xr.voice.message.AlgorithmNlpService/Chat, request=com.tcl.xr.voice.message.ChatRequest, response=com.tcl.xr.voice.message.ChatResponse, server_streaming=True, payload_bytes=182"
27,True,0,,1309.3357998877764,1294.3311999551952,1670,2026-06-25 21:09:04.022,2026-06-25 21:09:05.331,5,7,Body #7,"target=47.94.77.104:8004, method_path=/com.tcl.xr.voice.message.AlgorithmNlpService/Chat, request=com.tcl.xr.voice.message.ChatRequest, response=com.tcl.xr.voice.message.ChatResponse, server_streaming=True, payload_bytes=173"
28,True,0,,1267.666099825874,1221.1801998782903,2595,2026-06-25 21:09:04.116,2026-06-25 21:09:05.384,5,8,Body #8,"target=47.94.77.104:8004, method_path=/com.tcl.xr.voice.message.AlgorithmNlpService/Chat, request=com.tcl.xr.voice.message.ChatRequest, response=com.tcl.xr.voice.message.ChatResponse, server_streaming=True, payload_bytes=182"
35,True,0,,753.5627000033855,728.9251000620425,423,2026-06-25 21:09:04.644,2026-06-25 21:09:05.397,5,5,Body #5,"target=47.94.77.104:8004, method_path=/com.tcl.xr.voice.message.AlgorithmNlpService/Chat, request=com.tcl.xr.voice.message.ChatRequest, response=com.tcl.xr.voice.message.ChatResponse, server_streaming=True, payload_bytes=189"
36,True,0,,710.0056998897344,691.3604999426752,441,2026-06-25 21:09:04.824,2026-06-25 21:09:05.534,5,6,Body #6,"target=47.94.77.104:8004, method_path=/com.tcl.xr.voice.message.AlgorithmNlpService/Chat, request=com.tcl.xr.voice.message.ChatRequest, response=com.tcl.xr.voice.message.ChatResponse, server_streaming=True, payload_bytes=209"
30,True,0,,1259.572299895808,1203.8902998901904,2264,2026-06-25 21:09:04.304,2026-06-25 21:09:05.564,5,10,Body #10,"target=47.94.77.104:8004, method_path=/com.tcl.xr.voice.message.AlgorithmNlpService/Chat, request=com.tcl.xr.voice.message.ChatRequest, response=com.tcl.xr.voice.message.ChatResponse, server_streaming=True, payload_bytes=298"
39,True,0,,635.4873001109809,626.3852000702173,392,2026-06-25 21:09:04.956,2026-06-25 21:09:05.591,5,9,Body #9,"target=47.94.77.104:8004, method_path=/com.tcl.xr.voice.message.AlgorithmNlpService/Chat, request=com.tcl.xr.voice.message.ChatRequest, response=com.tcl.xr.voice.message.ChatResponse, server_streaming=True, payload_bytes=255"
31,True,0,,1256.0054999776185,1162.5701999291778,2882,2026-06-25 21:09:04.428,2026-06-25 21:09:05.685,5,1,Body #1,"target=47.94.77.104:8004, method_path=/com.tcl.xr.voice.message.AlgorithmNlpService/Chat, request=com.tcl.xr.voice.message.ChatRequest, response=com.tcl.xr.voice.message.ChatResponse, server_streaming=True, payload_bytes=179"
42,True,0,,406.65230015292764,374.6879999525845,269,2026-06-25 21:09:05.385,2026-06-25 21:09:05.791,5,2,Body #2,"target=47.94.77.104:8004, method_path=/com.tcl.xr.voice.message.AlgorithmNlpService/Chat, request=com.tcl.xr.voice.message.ChatRequest, response=com.tcl.xr.voice.message.ChatResponse, server_streaming=True, payload_bytes=171"
43,True,0,,409.5276999287307,388.7726999819279,232,2026-06-25 21:09:05.398,2026-06-25 21:09:05.807,5,3,Body #3,"target=47.94.77.104:8004, method_path=/com.tcl.xr.voice.message.AlgorithmNlpService/Chat, request=com.tcl.xr.voice.message.ChatRequest, response=com.tcl.xr.voice.message.ChatResponse, server_streaming=True, payload_bytes=191"
44,True,0,,384.3417000025511,371.3374000508338,294,2026-06-25 21:09:05.483,2026-06-25 21:09:05.867,5,4,Body #4,"target=47.94.77.104:8004, method_path=/com.tcl.xr.voice.message.AlgorithmNlpService/Chat, request=com.tcl.xr.voice.message.ChatRequest, response=com.tcl.xr.voice.message.ChatResponse, server_streaming=True, payload_bytes=182"
37,True,0,,1026.1667999438941,1000.6595000158995,1202,2026-06-25 21:09:04.885,2026-06-25 21:09:05.912,5,7,Body #7,"target=47.94.77.104:8004, method_path=/com.tcl.xr.voice.message.AlgorithmNlpService/Chat, request=com.tcl.xr.voice.message.ChatRequest, response=com.tcl.xr.voice.message.ChatResponse, server_streaming=True, payload_bytes=173"
38,True,0,,1077.2100000176579,1062.09750007838,2600,2026-06-25 21:09:04.915,2026-06-25 21:09:05.992,5,8,Body #8,"target=47.94.77.104:8004, method_path=/com.tcl.xr.voice.message.AlgorithmNlpService/Chat, request=com.tcl.xr.voice.message.ChatRequest, response=com.tcl.xr.voice.message.ChatResponse, server_streaming=True, payload_bytes=182"
52,True,0,,364.83650002628565,339.8259999230504,283,2026-06-25 21:09:05.912,2026-06-25 21:09:06.278,6,2,Body #2,"target=47.94.77.104:8004, method_path=/com.tcl.xr.voice.message.AlgorithmNlpService/Chat, request=com.tcl.xr.voice.message.ChatRequest, response=com.tcl.xr.voice.message.ChatResponse, server_streaming=True, payload_bytes=171"
54,True,0,,297.72869986481965,286.8340997956693,306,2026-06-25 21:09:06.010,2026-06-25 21:09:06.307,6,4,Body #4,"target=47.94.77.104:8004, method_path=/com.tcl.xr.voice.message.AlgorithmNlpService/Chat, request=com.tcl.xr.voice.message.ChatRequest, response=com.tcl.xr.voice.message.ChatResponse, server_streaming=True, payload_bytes=182"
53,True,0,,376.36330001987517,362.29209997691214,232,2026-06-25 21:09:05.993,2026-06-25 21:09:06.369,6,3,Body #3,"target=47.94.77.104:8004, method_path=/com.tcl.xr.voice.message.AlgorithmNlpService/Chat, request=com.tcl.xr.voice.message.ChatRequest, response=com.tcl.xr.voice.message.ChatResponse, server_streaming=True, payload_bytes=191"
46,True,0,,887.1422000229359,868.947200011462,433,2026-06-25 21:09:05.564,2026-06-25 21:09:06.452,6,6,Body #6,"target=47.94.77.104:8004, method_path=/com.tcl.xr.voice.message.AlgorithmNlpService/Chat, request=com.tcl.xr.voice.message.ChatRequest, response=com.tcl.xr.voice.message.ChatResponse, server_streaming=True, payload_bytes=209"
45,True,0,,955.4087000433356,936.7239000275731,423,2026-06-25 21:09:05.534,2026-06-25 21:09:06.489,6,5,Body #5,"target=47.94.77.104:8004, method_path=/com.tcl.xr.voice.message.AlgorithmNlpService/Chat, request=com.tcl.xr.voice.message.ChatRequest, response=com.tcl.xr.voice.message.ChatResponse, server_streaming=True, payload_bytes=189"
40,True,0,,1550.2696998883039,1358.9856000617146,3052,2026-06-25 21:09:04.963,2026-06-25 21:09:06.513,6,10,Body #10,"target=47.94.77.104:8004, method_path=/com.tcl.xr.voice.message.AlgorithmNlpService/Chat, request=com.tcl.xr.voice.message.ChatRequest, response=com.tcl.xr.voice.message.ChatResponse, server_streaming=True, payload_bytes=298"
49,True,0,,736.4499000832438,730.5106001440436,392,2026-06-25 21:09:05.792,2026-06-25 21:09:06.529,6,9,Body #9,"target=47.94.77.104:8004, method_path=/com.tcl.xr.voice.message.AlgorithmNlpService/Chat, request=com.tcl.xr.voice.message.ChatRequest, response=com.tcl.xr.voice.message.ChatResponse, server_streaming=True, payload_bytes=255"
41,True,0,,1388.693799963221,1299.1704000160098,3388,2026-06-25 21:09:05.331,2026-06-25 21:09:06.720,6,1,Body #1,"target=47.94.77.104:8004, method_path=/com.tcl.xr.voice.message.AlgorithmNlpService/Chat, request=com.tcl.xr.voice.message.ChatRequest, response=com.tcl.xr.voice.message.ChatResponse, server_streaming=True, payload_bytes=179"
47,True,0,,1314.73010010086,1282.4655000586063,1791,2026-06-25 21:09:05.592,2026-06-25 21:09:06.907,6,7,Body #7,"target=47.94.77.104:8004, method_path=/com.tcl.xr.voice.message.AlgorithmNlpService/Chat, request=com.tcl.xr.voice.message.ChatRequest, response=com.tcl.xr.voice.message.ChatResponse, server_streaming=True, payload_bytes=173"
48,True,0,,1240.073800086975,1179.8772001639009,2720,2026-06-25 21:09:05.686,2026-06-25 21:09:06.925,6,8,Body #8,"target=47.94.77.104:8004, method_path=/com.tcl.xr.voice.message.AlgorithmNlpService/Chat, request=com.tcl.xr.voice.message.ChatRequest, response=com.tcl.xr.voice.message.ChatResponse, server_streaming=True, payload_bytes=182"
62,True,0,,430.6215001270175,420.08830001577735,275,2026-06-25 21:09:06.537,2026-06-25 21:09:06.968,6,2,Body #2,"target=47.94.77.104:8004, method_path=/com.tcl.xr.voice.message.AlgorithmNlpService/Chat, request=com.tcl.xr.voice.message.ChatRequest, response=com.tcl.xr.voice.message.ChatResponse, server_streaming=True, payload_bytes=171"
50,True,0,,1233.8135000318289,1206.7192001268268,2716,2026-06-25 21:09:05.807,2026-06-25 21:09:07.041,6,10,Body #10,"target=47.94.77.104:8004, method_path=/com.tcl.xr.voice.message.AlgorithmNlpService/Chat, request=com.tcl.xr.voice.message.ChatRequest, response=com.tcl.xr.voice.message.ChatResponse, server_streaming=True, payload_bytes=298"
55,True,0,,830.6679001543671,820.576700149104,423,2026-06-25 21:09:06.278,2026-06-25 21:09:07.109,6,5,Body #5,"target=47.94.77.104:8004, method_path=/com.tcl.xr.voice.message.AlgorithmNlpService/Chat, request=com.tcl.xr.voice.message.ChatRequest, response=com.tcl.xr.voice.message.ChatResponse, server_streaming=True, payload_bytes=189"
56,True,0,,813.5563998948783,800.0841999892145,433,2026-06-25 21:09:06.308,2026-06-25 21:09:07.122,6,6,Body #6,"target=47.94.77.104:8004, method_path=/com.tcl.xr.voice.message.AlgorithmNlpService/Chat, request=com.tcl.xr.voice.message.ChatRequest, response=com.tcl.xr.voice.message.ChatResponse, server_streaming=True, payload_bytes=209"
63,True,0,,449.82000021263957,429.23120013438165,232,2026-06-25 21:09:06.721,2026-06-25 21:09:07.171,6,3,Body #3,"target=47.94.77.104:8004, method_path=/com.tcl.xr.voice.message.AlgorithmNlpService/Chat, request=com.tcl.xr.voice.message.ChatRequest, response=com.tcl.xr.voice.message.ChatResponse, server_streaming=True, payload_bytes=191"
64,True,0,,337.9615999292582,332.1157000027597,294,2026-06-25 21:09:06.907,2026-06-25 21:09:07.244,7,4,Body #4,"target=47.94.77.104:8004, method_path=/com.tcl.xr.voice.message.AlgorithmNlpService/Chat, request=com.tcl.xr.voice.message.ChatRequest, response=com.tcl.xr.voice.message.ChatResponse, server_streaming=True, payload_bytes=182"
59,True,0,,767.4478001426905,762.4474000185728,392,2026-06-25 21:09:06.489,2026-06-25 21:09:07.257,7,9,Body #9,"target=47.94.77.104:8004, method_path=/com.tcl.xr.voice.message.AlgorithmNlpService/Chat, request=com.tcl.xr.voice.message.ChatRequest, response=com.tcl.xr.voice.message.ChatResponse, server_streaming=True, payload_bytes=255"
51,True,0,,1467.5393998622894,1461.8040998466313,3382,2026-06-25 21:09:05.867,2026-06-25 21:09:07.335,7,1,Body #1,"target=47.94.77.104:8004, method_path=/com.tcl.xr.voice.message.AlgorithmNlpService/Chat, request=com.tcl.xr.voice.message.ChatRequest, response=com.tcl.xr.voice.message.ChatResponse, server_streaming=True, payload_bytes=179"
57,True,0,,1088.1461000535637,1014.7466999478638,1202,2026-06-25 21:09:06.369,2026-06-25 21:09:07.458,7,7,Body #7,"target=47.94.77.104:8004, method_path=/com.tcl.xr.voice.message.AlgorithmNlpService/Chat, request=com.tcl.xr.voice.message.ChatRequest, response=com.tcl.xr.voice.message.ChatResponse, server_streaming=True, payload_bytes=173"
72,True,0,,625.7267999462783,592.864700127393,269,2026-06-25 21:09:07.245,2026-06-25 21:09:07.871,7,2,Body #2,"target=47.94.77.104:8004, method_path=/com.tcl.xr.voice.message.AlgorithmNlpService/Chat, request=com.tcl.xr.voice.message.ChatRequest, response=com.tcl.xr.voice.message.ChatResponse, server_streaming=True, payload_bytes=171"
58,True,0,,1457.6602999586612,1111.5648001432419,2595,2026-06-25 21:09:06.453,2026-06-25 21:09:07.909,7,8,Body #8,"target=47.94.77.104:8004, method_path=/com.tcl.xr.voice.message.AlgorithmNlpService/Chat, request=com.tcl.xr.voice.message.ChatRequest, response=com.tcl.xr.voice.message.ChatResponse, server_streaming=True, payload_bytes=182"
73,True,0,,670.7226000726223,658.1398001872003,232,2026-06-25 21:09:07.258,2026-06-25 21:09:07.928,7,3,Body #3,"target=47.94.77.104:8004, method_path=/com.tcl.xr.voice.message.AlgorithmNlpService/Chat, request=com.tcl.xr.voice.message.ChatRequest, response=com.tcl.xr.voice.message.ChatResponse, server_streaming=True, payload_bytes=191"
60,True,0,,1442.018800182268,1317.4120001494884,2716,2026-06-25 21:09:06.513,2026-06-25 21:09:07.956,7,10,Body #10,"target=47.94.77.104:8004, method_path=/com.tcl.xr.voice.message.AlgorithmNlpService/Chat, request=com.tcl.xr.voice.message.ChatRequest, response=com.tcl.xr.voice.message.ChatResponse, server_streaming=True, payload_bytes=298"
74,True,0,,665.6231998931617,654.5064998790622,306,2026-06-25 21:09:07.335,2026-06-25 21:09:08.001,7,4,Body #4,"target=47.94.77.104:8004, method_path=/com.tcl.xr.voice.message.AlgorithmNlpService/Chat, request=com.tcl.xr.voice.message.ChatRequest, response=com.tcl.xr.voice.message.ChatResponse, server_streaming=True, payload_bytes=182"
61,True,0,,1532.4355999473482,1496.424000011757,3382,2026-06-25 21:09:06.530,2026-06-25 21:09:08.061,7,1,Body #1,"target=47.94.77.104:8004, method_path=/com.tcl.xr.voice.message.AlgorithmNlpService/Chat, request=com.tcl.xr.voice.message.ChatRequest, response=com.tcl.xr.voice.message.ChatResponse, server_streaming=True, payload_bytes=179"
65,True,0,,1407.6002000365406,1370.526700047776,423,2026-06-25 21:09:06.925,2026-06-25 21:09:08.333,8,5,Body #5,"target=47.94.77.104:8004, method_path=/com.tcl.xr.voice.message.AlgorithmNlpService/Chat, request=com.tcl.xr.voice.message.ChatRequest, response=com.tcl.xr.voice.message.ChatResponse, server_streaming=True, payload_bytes=189"
66,True,0,,1405.9806999284774,1387.9197998903692,433,2026-06-25 21:09:06.968,2026-06-25 21:09:08.374,8,6,Body #6,"target=47.94.77.104:8004, method_path=/com.tcl.xr.voice.message.AlgorithmNlpService/Chat, request=com.tcl.xr.voice.message.ChatRequest, response=com.tcl.xr.voice.message.ChatResponse, server_streaming=True, payload_bytes=209"
69,True,0,,1288.9502998441458,1274.047799874097,392,2026-06-25 21:09:07.109,2026-06-25 21:09:08.398,8,9,Body #9,"target=47.94.77.104:8004, method_path=/com.tcl.xr.voice.message.AlgorithmNlpService/Chat, request=com.tcl.xr.voice.message.ChatRequest, response=com.tcl.xr.voice.message.ChatResponse, server_streaming=True, payload_bytes=255"
75,True,0,,1105.027100071311,1089.0456000342965,423,2026-06-25 21:09:07.459,2026-06-25 21:09:08.563,8,5,Body #5,"target=47.94.77.104:8004, method_path=/com.tcl.xr.voice.message.AlgorithmNlpService/Chat, request=com.tcl.xr.voice.message.ChatRequest, response=com.tcl.xr.voice.message.ChatResponse, server_streaming=True, payload_bytes=189"
76,True,0,,994.7707999963313,973.702099872753,435,2026-06-25 21:09:07.591,2026-06-25 21:09:08.585,8,6,Body #6,"target=47.94.77.104:8004, method_path=/com.tcl.xr.voice.message.AlgorithmNlpService/Chat, request=com.tcl.xr.voice.message.ChatRequest, response=com.tcl.xr.voice.message.ChatResponse, server_streaming=True, payload_bytes=209"
82,True,0,,537.8389998804778,513.4723000228405,269,2026-06-25 21:09:08.062,2026-06-25 21:09:08.600,8,2,Body #2,"target=47.94.77.104:8004, method_path=/com.tcl.xr.voice.message.AlgorithmNlpService/Chat, request=com.tcl.xr.voice.message.ChatRequest, response=com.tcl.xr.voice.message.ChatResponse, server_streaming=True, payload_bytes=171"
83,True,0,,508.51129996590316,493.88840002939105,232,2026-06-25 21:09:08.118,2026-06-25 21:09:08.627,8,3,Body #3,"target=47.94.77.104:8004, method_path=/com.tcl.xr.voice.message.AlgorithmNlpService/Chat, request=com.tcl.xr.voice.message.ChatRequest, response=com.tcl.xr.voice.message.ChatResponse, server_streaming=True, payload_bytes=191"
70,True,0,,1531.399599974975,1397.4321000277996,2380,2026-06-25 21:09:07.123,2026-06-25 21:09:08.654,8,10,Body #10,"target=47.94.77.104:8004, method_path=/com.tcl.xr.voice.message.AlgorithmNlpService/Chat, request=com.tcl.xr.voice.message.ChatRequest, response=com.tcl.xr.voice.message.ChatResponse, server_streaming=True, payload_bytes=298"
71,True,0,,1573.5653000883758,1378.9850000757724,3388,2026-06-25 21:09:07.171,2026-06-25 21:09:08.745,8,1,Body #1,"target=47.94.77.104:8004, method_path=/com.tcl.xr.voice.message.AlgorithmNlpService/Chat, request=com.tcl.xr.voice.message.ChatRequest, response=com.tcl.xr.voice.message.ChatResponse, server_streaming=True, payload_bytes=179"
84,True,0,,450.423700036481,440.9839001018554,294,2026-06-25 21:09:08.334,2026-06-25 21:09:08.784,8,4,Body #4,"target=47.94.77.104:8004, method_path=/com.tcl.xr.voice.message.AlgorithmNlpService/Chat, request=com.tcl.xr.voice.message.ChatRequest, response=com.tcl.xr.voice.message.ChatResponse, server_streaming=True, payload_bytes=182"
79,True,0,,875.8546998724341,865.1045998558402,392,2026-06-25 21:09:07.930,2026-06-25 21:09:08.805,8,9,Body #9,"target=47.94.77.104:8004, method_path=/com.tcl.xr.voice.message.AlgorithmNlpService/Chat, request=com.tcl.xr.voice.message.ChatRequest, response=com.tcl.xr.voice.message.ChatResponse, server_streaming=True, payload_bytes=255"
67,True,0,,1827.703399816528,1695.2468999661505,1202,2026-06-25 21:09:07.041,2026-06-25 21:09:08.869,8,7,Body #7,"target=47.94.77.104:8004, method_path=/com.tcl.xr.voice.message.AlgorithmNlpService/Chat, request=com.tcl.xr.voice.message.ChatRequest, response=com.tcl.xr.voice.message.ChatResponse, server_streaming=True, payload_bytes=173"
68,True,0,,1958.656799979508,1847.6283999625593,2595,2026-06-25 21:09:07.064,2026-06-25 21:09:09.022,8,8,Body #8,"target=47.94.77.104:8004, method_path=/com.tcl.xr.voice.message.AlgorithmNlpService/Chat, request=com.tcl.xr.voice.message.ChatRequest, response=com.tcl.xr.voice.message.ChatResponse, server_streaming=True, payload_bytes=182"
77,True,0,,1251.6497999895364,1211.1457001883537,1202,2026-06-25 21:09:07.871,2026-06-25 21:09:09.123,8,7,Body #7,"target=47.94.77.104:8004, method_path=/com.tcl.xr.voice.message.AlgorithmNlpService/Chat, request=com.tcl.xr.voice.message.ChatRequest, response=com.tcl.xr.voice.message.ChatResponse, server_streaming=True, payload_bytes=173"
93,True,0,,414.80899997986853,390.16089984215796,232,2026-06-25 21:09:08.746,2026-06-25 21:09:09.160,8,3,Body #3,"target=47.94.77.104:8004, method_path=/com.tcl.xr.voice.message.AlgorithmNlpService/Chat, request=com.tcl.xr.voice.message.ChatRequest, response=com.tcl.xr.voice.message.ChatResponse, server_streaming=True, payload_bytes=191"
92,True,0,,512.3852000106126,481.29100003279746,269,2026-06-25 21:09:08.654,2026-06-25 21:09:09.167,8,2,Body #2,"target=47.94.77.104:8004, method_path=/com.tcl.xr.voice.message.AlgorithmNlpService/Chat, request=com.tcl.xr.voice.message.ChatRequest, response=com.tcl.xr.voice.message.ChatResponse, server_streaming=True, payload_bytes=171"
78,True,0,,1298.8742999732494,1190.3921999037266,2595,2026-06-25 21:09:07.911,2026-06-25 21:09:09.210,9,8,Body #8,"target=47.94.77.104:8004, method_path=/com.tcl.xr.voice.message.AlgorithmNlpService/Chat, request=com.tcl.xr.voice.message.ChatRequest, response=com.tcl.xr.voice.message.ChatResponse, server_streaming=True, payload_bytes=182"
94,True,0,,453.67600000463426,442.89990002289414,306,2026-06-25 21:09:08.785,2026-06-25 21:09:09.238,9,4,Body #4,"target=47.94.77.104:8004, method_path=/com.tcl.xr.voice.message.AlgorithmNlpService/Chat, request=com.tcl.xr.voice.message.ChatRequest, response=com.tcl.xr.voice.message.ChatResponse, server_streaming=True, payload_bytes=182"
103,True,0,,451.17320003919303,425.81130005419254,232,2026-06-25 21:09:09.239,2026-06-25 21:09:09.690,9,3,Body #3,"target=47.94.77.104:8004, method_path=/com.tcl.xr.voice.message.AlgorithmNlpService/Chat, request=com.tcl.xr.voice.message.ChatRequest, response=com.tcl.xr.voice.message.ChatResponse, server_streaming=True, payload_bytes=191"
102,True,0,,505.87980006821454,471.669000107795,269,2026-06-25 21:09:09.210,2026-06-25 21:09:09.716,9,2,Body #2,"target=47.94.77.104:8004, method_path=/com.tcl.xr.voice.message.AlgorithmNlpService/Chat, request=com.tcl.xr.voice.message.ChatRequest, response=com.tcl.xr.voice.message.ChatResponse, server_streaming=True, payload_bytes=171"
85,True,0,,1365.6572999898344,1331.646699924022,423,2026-06-25 21:09:08.374,2026-06-25 21:09:09.739,9,5,Body #5,"target=47.94.77.104:8004, method_path=/com.tcl.xr.voice.message.AlgorithmNlpService/Chat, request=com.tcl.xr.voice.message.ChatRequest, response=com.tcl.xr.voice.message.ChatResponse, server_streaming=True, payload_bytes=189"
89,True,0,,1210.6317998841405,1185.3316999040544,392,2026-06-25 21:09:08.600,2026-06-25 21:09:09.812,9,9,Body #9,"target=47.94.77.104:8004, method_path=/com.tcl.xr.voice.message.AlgorithmNlpService/Chat, request=com.tcl.xr.voice.message.ChatRequest, response=com.tcl.xr.voice.message.ChatResponse, server_streaming=True, payload_bytes=255"
86,True,0,,1439.096099929884,1402.041699970141,433,2026-06-25 21:09:08.399,2026-06-25 21:09:09.838,9,6,Body #6,"target=47.94.77.104:8004, method_path=/com.tcl.xr.voice.message.AlgorithmNlpService/Chat, request=com.tcl.xr.voice.message.ChatRequest, response=com.tcl.xr.voice.message.ChatResponse, server_streaming=True, payload_bytes=209"
96,True,0,,987.100699916482,966.9302999973297,435,2026-06-25 21:09:08.870,2026-06-25 21:09:09.857,9,6,Body #6,"target=47.94.77.104:8004, method_path=/com.tcl.xr.voice.message.AlgorithmNlpService/Chat, request=com.tcl.xr.voice.message.ChatRequest, response=com.tcl.xr.voice.message.ChatResponse, server_streaming=True, payload_bytes=209"
95,True,0,,1075.5336999427527,1061.2986001651734,423,2026-06-25 21:09:08.806,2026-06-25 21:09:09.881,9,5,Body #5,"target=47.94.77.104:8004, method_path=/com.tcl.xr.voice.message.AlgorithmNlpService/Chat, request=com.tcl.xr.voice.message.ChatRequest, response=com.tcl.xr.voice.message.ChatResponse, server_streaming=True, payload_bytes=189"
99,True,0,,787.3724000528455,776.0820998810232,392,2026-06-25 21:09:09.161,2026-06-25 21:09:09.948,9,9,Body #9,"target=47.94.77.104:8004, method_path=/com.tcl.xr.voice.message.AlgorithmNlpService/Chat, request=com.tcl.xr.voice.message.ChatRequest, response=com.tcl.xr.voice.message.ChatResponse, server_streaming=True, payload_bytes=255"
80,True,0,,2009.2278001829982,1553.717200178653,2716,2026-06-25 21:09:07.957,2026-06-25 21:09:09.965,9,10,Body #10,"target=47.94.77.104:8004, method_path=/com.tcl.xr.voice.message.AlgorithmNlpService/Chat, request=com.tcl.xr.voice.message.ChatRequest, response=com.tcl.xr.voice.message.ChatResponse, server_streaming=True, payload_bytes=298"
81,True,0,,2038.6395000386983,1553.8687000516802,3272,2026-06-25 21:09:08.002,2026-06-25 21:09:10.041,9,1,Body #1,"target=47.94.77.104:8004, method_path=/com.tcl.xr.voice.message.AlgorithmNlpService/Chat, request=com.tcl.xr.voice.message.ChatRequest, response=com.tcl.xr.voice.message.ChatResponse, server_streaming=True, payload_bytes=179"
104,True,0,,510.02709986642003,440.0295000523329,306,2026-06-25 21:09:09.691,2026-06-25 21:09:10.202,9,4,Body #4,"target=47.94.77.104:8004, method_path=/com.tcl.xr.voice.message.AlgorithmNlpService/Chat, request=com.tcl.xr.voice.message.ChatRequest, response=com.tcl.xr.voice.message.ChatResponse, server_streaming=True, payload_bytes=182"
87,True,0,,1772.0832000486553,1556.925700046122,1323,2026-06-25 21:09:08.564,2026-06-25 21:09:10.336,10,7,Body #7,"target=47.94.77.104:8004, method_path=/com.tcl.xr.voice.message.AlgorithmNlpService/Chat, request=com.tcl.xr.voice.message.ChatRequest, response=com.tcl.xr.voice.message.ChatResponse, server_streaming=True, payload_bytes=173"
88,True,0,,1762.9980000201613,1647.4124998785555,2587,2026-06-25 21:09:08.586,2026-06-25 21:09:10.349,10,8,Body #8,"target=47.94.77.104:8004, method_path=/com.tcl.xr.voice.message.AlgorithmNlpService/Chat, request=com.tcl.xr.voice.message.ChatRequest, response=com.tcl.xr.voice.message.ChatResponse, server_streaming=True, payload_bytes=182"
97,True,0,,1327.7332000434399,1321.712499950081,1202,2026-06-25 21:09:09.023,2026-06-25 21:09:10.350,10,7,Body #7,"target=47.94.77.104:8004, method_path=/com.tcl.xr.voice.message.AlgorithmNlpService/Chat, request=com.tcl.xr.voice.message.ChatRequest, response=com.tcl.xr.voice.message.ChatResponse, server_streaming=True, payload_bytes=173"
91,True,0,,1712.3775999061763,1690.7488000579178,2882,2026-06-25 21:09:08.645,2026-06-25 21:09:10.357,10,1,Body #1,"target=47.94.77.104:8004, method_path=/com.tcl.xr.voice.message.AlgorithmNlpService/Chat, request=com.tcl.xr.voice.message.ChatRequest, response=com.tcl.xr.voice.message.ChatResponse, server_streaming=True, payload_bytes=179"
98,True,0,,1259.6231999341398,1240.6613999046385,2456,2026-06-25 21:09:09.123,2026-06-25 21:09:10.383,10,8,Body #8,"target=47.94.77.104:8004, method_path=/com.tcl.xr.voice.message.AlgorithmNlpService/Chat, request=com.tcl.xr.voice.message.ChatRequest, response=com.tcl.xr.voice.message.ChatResponse, server_streaming=True, payload_bytes=182"
90,True,0,,1763.6549999006093,1606.4774999395013,3534,2026-06-25 21:09:08.627,2026-06-25 21:09:10.390,10,10,Body #10,"target=47.94.77.104:8004, method_path=/com.tcl.xr.voice.message.AlgorithmNlpService/Chat, request=com.tcl.xr.voice.message.ChatRequest, response=com.tcl.xr.voice.message.ChatResponse, server_streaming=True, payload_bytes=298"
112,True,0,,604.8868000507355,585.4878001846373,283,2026-06-25 21:09:09.949,2026-06-25 21:09:10.554,10,2,Body #2,"target=47.94.77.104:8004, method_path=/com.tcl.xr.voice.message.AlgorithmNlpService/Chat, request=com.tcl.xr.voice.message.ChatRequest, response=com.tcl.xr.voice.message.ChatResponse, server_streaming=True, payload_bytes=171"
113,True,0,,694.7453001048416,669.6699999738485,220,2026-06-25 21:09:09.966,2026-06-25 21:09:10.661,10,3,Body #3,"target=47.94.77.104:8004, method_path=/com.tcl.xr.voice.message.AlgorithmNlpService/Chat, request=com.tcl.xr.voice.message.ChatRequest, response=com.tcl.xr.voice.message.ChatResponse, server_streaming=True, payload_bytes=191"
114,True,0,,628.0896000098437,595.2669000253081,306,2026-06-25 21:09:10.041,2026-06-25 21:09:10.669,10,4,Body #4,"target=47.94.77.104:8004, method_path=/com.tcl.xr.voice.message.AlgorithmNlpService/Chat, request=com.tcl.xr.voice.message.ChatRequest, response=com.tcl.xr.voice.message.ChatResponse, server_streaming=True, payload_bytes=182"
100,True,0,,1721.3982997927815,1666.1481999326497,2264,2026-06-25 21:09:09.168,2026-06-25 21:09:10.889,10,10,Body #10,"target=47.94.77.104:8004, method_path=/com.tcl.xr.voice.message.AlgorithmNlpService/Chat, request=com.tcl.xr.voice.message.ChatRequest, response=com.tcl.xr.voice.message.ChatResponse, server_streaming=True, payload_bytes=298"
101,True,0,,1729.53230002895,1639.0517998952419,3376,2026-06-25 21:09:09.173,2026-06-25 21:09:10.903,10,1,Body #1,"target=47.94.77.104:8004, method_path=/com.tcl.xr.voice.message.AlgorithmNlpService/Chat, request=com.tcl.xr.voice.message.ChatRequest, response=com.tcl.xr.voice.message.ChatResponse, server_streaming=True, payload_bytes=179"
122,True,0,,546.5947000775486,538.080400088802,269,2026-06-25 21:09:10.392,2026-06-25 21:09:10.938,10,2,Body #2,"target=47.94.77.104:8004, method_path=/com.tcl.xr.voice.message.AlgorithmNlpService/Chat, request=com.tcl.xr.voice.message.ChatRequest, response=com.tcl.xr.voice.message.ChatResponse, server_streaming=True, payload_bytes=171"
123,True,0,,462.6047001220286,439.3289000727236,232,2026-06-25 21:09:10.554,2026-06-25 21:09:11.016,10,3,Body #3,"target=47.94.77.104:8004, method_path=/com.tcl.xr.voice.message.AlgorithmNlpService/Chat, request=com.tcl.xr.voice.message.ChatRequest, response=com.tcl.xr.voice.message.ChatResponse, server_streaming=True, payload_bytes=191"
124,True,0,,484.30210002698004,472.2932998556644,294,2026-06-25 21:09:10.662,2026-06-25 21:09:11.145,10,4,Body #4,"target=47.94.77.104:8004, method_path=/com.tcl.xr.voice.message.AlgorithmNlpService/Chat, request=com.tcl.xr.voice.message.ChatRequest, response=com.tcl.xr.voice.message.ChatResponse, server_streaming=True, payload_bytes=182"
106,True,0,,1606.7173001356423,1543.5317000374198,433,2026-06-25 21:09:09.717,2026-06-25 21:09:11.323,11,6,Body #6,"target=47.94.77.104:8004, method_path=/com.tcl.xr.voice.message.AlgorithmNlpService/Chat, request=com.tcl.xr.voice.message.ChatRequest, response=com.tcl.xr.voice.message.ChatResponse, server_streaming=True, payload_bytes=209"
119,True,0,,1039.2529999371618,971.311799949035,392,2026-06-25 21:09:10.352,2026-06-25 21:09:11.391,11,9,Body #9,"target=47.94.77.104:8004, method_path=/com.tcl.xr.voice.message.AlgorithmNlpService/Chat, request=com.tcl.xr.voice.message.ChatRequest, response=com.tcl.xr.voice.message.ChatResponse, server_streaming=True, payload_bytes=255"
109,True,0,,1644.6124999783933,1628.0034999363124,392,2026-06-25 21:09:09.838,2026-06-25 21:09:11.483,11,9,Body #9,"target=47.94.77.104:8004, method_path=/com.tcl.xr.voice.message.AlgorithmNlpService/Chat, request=com.tcl.xr.voice.message.ChatRequest, response=com.tcl.xr.voice.message.ChatResponse, server_streaming=True, payload_bytes=255"
115,True,0,,1305.6991999037564,1271.9415999017656,423,2026-06-25 21:09:10.202,2026-06-25 21:09:11.508,11,5,Body #5,"target=47.94.77.104:8004, method_path=/com.tcl.xr.voice.message.AlgorithmNlpService/Chat, request=com.tcl.xr.voice.message.ChatRequest, response=com.tcl.xr.voice.message.ChatResponse, server_streaming=True, payload_bytes=189"
116,True,0,,1306.3435999210924,1265.6082001049072,435,2026-06-25 21:09:10.227,2026-06-25 21:09:11.533,11,6,Body #6,"target=47.94.77.104:8004, method_path=/com.tcl.xr.voice.message.AlgorithmNlpService/Chat, request=com.tcl.xr.voice.message.ChatRequest, response=com.tcl.xr.voice.message.ChatResponse, server_streaming=True, payload_bytes=209"
105,True,0,,1892.980600008741,1852.7456999290735,423,2026-06-25 21:09:09.700,2026-06-25 21:09:11.593,11,5,Body #5,"target=47.94.77.104:8004, method_path=/com.tcl.xr.voice.message.AlgorithmNlpService/Chat, request=com.tcl.xr.voice.message.ChatRequest, response=com.tcl.xr.voice.message.ChatResponse, server_streaming=True, payload_bytes=189"
125,True,0,,979.742499999702,973.7458999734372,423,2026-06-25 21:09:10.670,2026-06-25 21:09:11.649,11,5,Body #5,"target=47.94.77.104:8004, method_path=/com.tcl.xr.voice.message.AlgorithmNlpService/Chat, request=com.tcl.xr.voice.message.ChatRequest, response=com.tcl.xr.voice.message.ChatResponse, server_streaming=True, payload_bytes=189"
126,True,0,,864.6044000051916,857.9289999324828,435,2026-06-25 21:09:10.890,2026-06-25 21:09:11.754,11,6,Body #6,"target=47.94.77.104:8004, method_path=/com.tcl.xr.voice.message.AlgorithmNlpService/Chat, request=com.tcl.xr.voice.message.ChatRequest, response=com.tcl.xr.voice.message.ChatResponse, server_streaming=True, payload_bytes=209"
110,True,0,,1905.5312999989837,1779.295900138095,2490,2026-06-25 21:09:09.858,2026-06-25 21:09:11.763,11,10,Body #10,"target=47.94.77.104:8004, method_path=/com.tcl.xr.voice.message.AlgorithmNlpService/Chat, request=com.tcl.xr.voice.message.ChatRequest, response=com.tcl.xr.voice.message.ChatResponse, server_streaming=True, payload_bytes=298"
132,True,0,,391.4525001309812,380.47980004921556,277,2026-06-25 21:09:11.391,2026-06-25 21:09:11.783,11,2,Body #2,"target=47.94.77.104:8004, method_path=/com.tcl.xr.voice.message.AlgorithmNlpService/Chat, request=com.tcl.xr.voice.message.ChatRequest, response=com.tcl.xr.voice.message.ChatResponse, server_streaming=True, payload_bytes=171"
111,True,0,,1952.7749000117183,1761.3127999939024,3376,2026-06-25 21:09:09.881,2026-06-25 21:09:11.835,11,1,Body #1,"target=47.94.77.104:8004, method_path=/com.tcl.xr.voice.message.AlgorithmNlpService/Chat, request=com.tcl.xr.voice.message.ChatRequest, response=com.tcl.xr.voice.message.ChatResponse, server_streaming=True, payload_bytes=179"
133,True,0,,465.0489999912679,433.0627000890672,220,2026-06-25 21:09:11.484,2026-06-25 21:09:11.949,11,3,Body #3,"target=47.94.77.104:8004, method_path=/com.tcl.xr.voice.message.AlgorithmNlpService/Chat, request=com.tcl.xr.voice.message.ChatRequest, response=com.tcl.xr.voice.message.ChatResponse, server_streaming=True, payload_bytes=191"
134,True,0,,475.9539000224322,446.99450000189245,306,2026-06-25 21:09:11.509,2026-06-25 21:09:11.985,11,4,Body #4,"target=47.94.77.104:8004, method_path=/com.tcl.xr.voice.message.AlgorithmNlpService/Chat, request=com.tcl.xr.voice.message.ChatRequest, response=com.tcl.xr.voice.message.ChatResponse, server_streaming=True, payload_bytes=182"
107,True,0,,2270.8441000431776,2072.5141000002623,1202,2026-06-25 21:09:09.739,2026-06-25 21:09:12.011,11,7,Body #7,"target=47.94.77.104:8004, method_path=/com.tcl.xr.voice.message.AlgorithmNlpService/Chat, request=com.tcl.xr.voice.message.ChatRequest, response=com.tcl.xr.voice.message.ChatResponse, server_streaming=True, payload_bytes=173"
117,True,0,,1687.049400061369,1478.9615001063794,1323,2026-06-25 21:09:10.337,2026-06-25 21:09:12.024,11,7,Body #7,"target=47.94.77.104:8004, method_path=/com.tcl.xr.voice.message.AlgorithmNlpService/Chat, request=com.tcl.xr.voice.message.ChatRequest, response=com.tcl.xr.voice.message.ChatResponse, server_streaming=True, payload_bytes=173"
118,True,0,,1776.9984998740256,1689.2166999168694,2456,2026-06-25 21:09:10.349,2026-06-25 21:09:12.126,11,8,Body #8,"target=47.94.77.104:8004, method_path=/com.tcl.xr.voice.message.AlgorithmNlpService/Chat, request=com.tcl.xr.voice.message.ChatRequest, response=com.tcl.xr.voice.message.ChatResponse, server_streaming=True, payload_bytes=182"
127,True,0,,1260.6554001104087,1195.094299968332,1323,2026-06-25 21:09:10.904,2026-06-25 21:09:12.165,11,7,Body #7,"target=47.94.77.104:8004, method_path=/com.tcl.xr.voice.message.AlgorithmNlpService/Chat, request=com.tcl.xr.voice.message.ChatRequest, response=com.tcl.xr.voice.message.ChatResponse, server_streaming=True, payload_bytes=173"
108,True,0,,2386.4033999852836,2264.1048000659794,2456,2026-06-25 21:09:09.812,2026-06-25 21:09:12.198,11,8,Body #8,"target=47.94.77.104:8004, method_path=/com.tcl.xr.voice.message.AlgorithmNlpService/Chat, request=com.tcl.xr.voice.message.ChatRequest, response=com.tcl.xr.voice.message.ChatResponse, server_streaming=True, payload_bytes=182"
142,True,0,,437.6256000250578,412.561499979347,277,2026-06-25 21:09:11.950,2026-06-25 21:09:12.387,12,2,Body #2,"target=47.94.77.104:8004, method_path=/com.tcl.xr.voice.message.AlgorithmNlpService/Chat, request=com.tcl.xr.voice.message.ChatRequest, response=com.tcl.xr.voice.message.ChatResponse, server_streaming=True, payload_bytes=171"
143,True,0,,444.71660000272095,421.3914000429213,232,2026-06-25 21:09:11.986,2026-06-25 21:09:12.430,12,3,Body #3,"target=47.94.77.104:8004, method_path=/com.tcl.xr.voice.message.AlgorithmNlpService/Chat, request=com.tcl.xr.voice.message.ChatRequest, response=com.tcl.xr.voice.message.ChatResponse, server_streaming=True, payload_bytes=191"
129,True,0,,1429.178300080821,1394.7775000706315,392,2026-06-25 21:09:11.018,2026-06-25 21:09:12.447,12,9,Body #9,"target=47.94.77.104:8004, method_path=/com.tcl.xr.voice.message.AlgorithmNlpService/Chat, request=com.tcl.xr.voice.message.ChatRequest, response=com.tcl.xr.voice.message.ChatResponse, server_streaming=True, payload_bytes=255"
144,True,0,,464.68299999833107,441.88229995779693,306,2026-06-25 21:09:12.011,2026-06-25 21:09:12.476,12,4,Body #4,"target=47.94.77.104:8004, method_path=/com.tcl.xr.voice.message.AlgorithmNlpService/Chat, request=com.tcl.xr.voice.message.ChatRequest, response=com.tcl.xr.voice.message.ChatResponse, server_streaming=True, payload_bytes=182"
121,True,0,,2159.5058001112193,1771.174600115046,3376,2026-06-25 21:09:10.383,2026-06-25 21:09:12.543,12,1,Body #1,"target=47.94.77.104:8004, method_path=/com.tcl.xr.voice.message.AlgorithmNlpService/Chat, request=com.tcl.xr.voice.message.ChatRequest, response=com.tcl.xr.voice.message.ChatResponse, server_streaming=True, payload_bytes=179"
136,True,0,,961.5943001117557,922.6546001154929,435,2026-06-25 21:09:11.594,2026-06-25 21:09:12.555,12,6,Body #6,"target=47.94.77.104:8004, method_path=/com.tcl.xr.voice.message.AlgorithmNlpService/Chat, request=com.tcl.xr.voice.message.ChatRequest, response=com.tcl.xr.voice.message.ChatResponse, server_streaming=True, payload_bytes=209"
135,True,0,,1083.72120000422,1065.2330999728292,423,2026-06-25 21:09:11.534,2026-06-25 21:09:12.618,12,5,Body #5,"target=47.94.77.104:8004, method_path=/com.tcl.xr.voice.message.AlgorithmNlpService/Chat, request=com.tcl.xr.voice.message.ChatRequest, response=com.tcl.xr.voice.message.ChatResponse, server_streaming=True, payload_bytes=189"
139,True,0,,876.4399001374841,863.4448000229895,392,2026-06-25 21:09:11.764,2026-06-25 21:09:12.640,12,9,Body #9,"target=47.94.77.104:8004, method_path=/com.tcl.xr.voice.message.AlgorithmNlpService/Chat, request=com.tcl.xr.voice.message.ChatRequest, response=com.tcl.xr.voice.message.ChatResponse, server_streaming=True, payload_bytes=255"
120,True,0,,2301.315499935299,1860.7051998842508,3174,2026-06-25 21:09:10.358,2026-06-25 21:09:12.660,12,10,Body #10,"target=47.94.77.104:8004, method_path=/com.tcl.xr.voice.message.AlgorithmNlpService/Chat, request=com.tcl.xr.voice.message.ChatRequest, response=com.tcl.xr.voice.message.ChatResponse, server_streaming=True, payload_bytes=298"
128,True,0,,1739.227400161326,1474.2670999839902,2595,2026-06-25 21:09:10.939,2026-06-25 21:09:12.678,12,8,Body #8,"target=47.94.77.104:8004, method_path=/com.tcl.xr.voice.message.AlgorithmNlpService/Chat, request=com.tcl.xr.voice.message.ChatRequest, response=com.tcl.xr.voice.message.ChatResponse, server_streaming=True, payload_bytes=182"
152,True,0,,745.817800052464,690.6997000332922,283,2026-06-25 21:09:12.478,2026-06-25 21:09:13.223,13,2,Body #2,"target=47.94.77.104:8004, method_path=/com.tcl.xr.voice.message.AlgorithmNlpService/Chat, request=com.tcl.xr.voice.message.ChatRequest, response=com.tcl.xr.voice.message.ChatResponse, server_streaming=True, payload_bytes=171"
153,True,0,,793.4687999077141,699.1862999275327,232,2026-06-25 21:09:12.544,2026-06-25 21:09:13.338,13,3,Body #3,"target=47.94.77.104:8004, method_path=/com.tcl.xr.voice.message.AlgorithmNlpService/Chat, request=com.tcl.xr.voice.message.ChatRequest, response=com.tcl.xr.voice.message.ChatResponse, server_streaming=True, payload_bytes=191"
154,True,0,,782.4094998650253,780.6647999677807,288,2026-06-25 21:09:12.556,2026-06-25 21:09:13.339,13,4,Body #4,"target=47.94.77.104:8004, method_path=/com.tcl.xr.voice.message.AlgorithmNlpService/Chat, request=com.tcl.xr.voice.message.ChatRequest, response=com.tcl.xr.voice.message.ChatResponse, server_streaming=True, payload_bytes=182"
146,True,0,,1225.9006998501718,1210.0076000206172,433,2026-06-25 21:09:12.127,2026-06-25 21:09:13.353,13,6,Body #6,"target=47.94.77.104:8004, method_path=/com.tcl.xr.voice.message.AlgorithmNlpService/Chat, request=com.tcl.xr.voice.message.ChatRequest, response=com.tcl.xr.voice.message.ChatResponse, server_streaming=True, payload_bytes=209"
145,True,0,,1336.527100065723,1328.6573998630047,423,2026-06-25 21:09:12.024,2026-06-25 21:09:13.361,13,5,Body #5,"target=47.94.77.104:8004, method_path=/com.tcl.xr.voice.message.AlgorithmNlpService/Chat, request=com.tcl.xr.voice.message.ChatRequest, response=com.tcl.xr.voice.message.ChatResponse, server_streaming=True, payload_bytes=189"
137,True,0,,1746.444899821654,1598.880099831149,1670,2026-06-25 21:09:11.650,2026-06-25 21:09:13.396,13,7,Body #7,"target=47.94.77.104:8004, method_path=/com.tcl.xr.voice.message.AlgorithmNlpService/Chat, request=com.tcl.xr.voice.message.ChatRequest, response=com.tcl.xr.voice.message.ChatResponse, server_streaming=True, payload_bytes=173"
149,True,0,,1026.1665999423712,1005.5945999920368,392,2026-06-25 21:09:12.388,2026-06-25 21:09:13.414,13,9,Body #9,"target=47.94.77.104:8004, method_path=/com.tcl.xr.voice.message.AlgorithmNlpService/Chat, request=com.tcl.xr.voice.message.ChatRequest, response=com.tcl.xr.voice.message.ChatResponse, server_streaming=True, payload_bytes=255"
130,True,0,,2301.7375997733325,1677.637399872765,3052,2026-06-25 21:09:11.146,2026-06-25 21:09:13.448,13,10,Body #10,"target=47.94.77.104:8004, method_path=/com.tcl.xr.voice.message.AlgorithmNlpService/Chat, request=com.tcl.xr.voice.message.ChatRequest, response=com.tcl.xr.voice.message.ChatResponse, server_streaming=True, payload_bytes=298"
131,True,0,,2142.9677000269294,1824.938700068742,3382,2026-06-25 21:09:11.324,2026-06-25 21:09:13.467,13,1,Body #1,"target=47.94.77.104:8004, method_path=/com.tcl.xr.voice.message.AlgorithmNlpService/Chat, request=com.tcl.xr.voice.message.ChatRequest, response=com.tcl.xr.voice.message.ChatResponse, server_streaming=True, payload_bytes=179"
138,True,0,,1862.2458002064377,1642.5493001006544,3323,2026-06-25 21:09:11.755,2026-06-25 21:09:13.617,13,8,Body #8,"target=47.94.77.104:8004, method_path=/com.tcl.xr.voice.message.AlgorithmNlpService/Chat, request=com.tcl.xr.voice.message.ChatRequest, response=com.tcl.xr.voice.message.ChatResponse, server_streaming=True, payload_bytes=182"
162,True,0,,430.222500115633,408.7557999882847,277,2026-06-25 21:09:13.353,2026-06-25 21:09:13.784,13,2,Body #2,"target=47.94.77.104:8004, method_path=/com.tcl.xr.voice.message.AlgorithmNlpService/Chat, request=com.tcl.xr.voice.message.ChatRequest, response=com.tcl.xr.voice.message.ChatResponse, server_streaming=True, payload_bytes=171"
156,True,0,,1183.9962999802083,1152.9230000451207,433,2026-06-25 21:09:12.641,2026-06-25 21:09:13.825,13,6,Body #6,"target=47.94.77.104:8004, method_path=/com.tcl.xr.voice.message.AlgorithmNlpService/Chat, request=com.tcl.xr.voice.message.ChatRequest, response=com.tcl.xr.voice.message.ChatResponse, server_streaming=True, payload_bytes=209"
163,True,0,,475.90969991870224,444.97579988092184,232,2026-06-25 21:09:13.361,2026-06-25 21:09:13.837,13,3,Body #3,"target=47.94.77.104:8004, method_path=/com.tcl.xr.voice.message.AlgorithmNlpService/Chat, request=com.tcl.xr.voice.message.ChatRequest, response=com.tcl.xr.voice.message.ChatResponse, server_streaming=True, payload_bytes=191"
140,True,0,,2111.2088998779655,1708.2414999604225,3070,2026-06-25 21:09:11.784,2026-06-25 21:09:13.896,13,10,Body #10,"target=47.94.77.104:8004, method_path=/com.tcl.xr.voice.message.AlgorithmNlpService/Chat, request=com.tcl.xr.voice.message.ChatRequest, response=com.tcl.xr.voice.message.ChatResponse, server_streaming=True, payload_bytes=298"
164,True,0,,509.76160005666316,477.8424999676645,306,2026-06-25 21:09:13.397,2026-06-25 21:09:13.907,13,4,Body #4,"target=47.94.77.104:8004, method_path=/com.tcl.xr.voice.message.AlgorithmNlpService/Chat, request=com.tcl.xr.voice.message.ChatRequest, response=com.tcl.xr.voice.message.ChatResponse, server_streaming=True, payload_bytes=182"
155,True,0,,1299.830200150609,1266.1882999818772,423,2026-06-25 21:09:12.619,2026-06-25 21:09:13.919,13,5,Body #5,"target=47.94.77.104:8004, method_path=/com.tcl.xr.voice.message.AlgorithmNlpService/Chat, request=com.tcl.xr.voice.message.ChatRequest, response=com.tcl.xr.voice.message.ChatResponse, server_streaming=True, payload_bytes=189"
147,True,0,,1796.7364001087844,1596.105600008741,1202,2026-06-25 21:09:12.165,2026-06-25 21:09:13.961,13,7,Body #7,"target=47.94.77.104:8004, method_path=/com.tcl.xr.voice.message.AlgorithmNlpService/Chat, request=com.tcl.xr.voice.message.ChatRequest, response=com.tcl.xr.voice.message.ChatResponse, server_streaming=True, payload_bytes=173"
148,True,0,,1847.435100004077,1649.7977999970317,2456,2026-06-25 21:09:12.199,2026-06-25 21:09:14.046,13,8,Body #8,"target=47.94.77.104:8004, method_path=/com.tcl.xr.voice.message.AlgorithmNlpService/Chat, request=com.tcl.xr.voice.message.ChatRequest, response=com.tcl.xr.voice.message.ChatResponse, server_streaming=True, payload_bytes=182"
141,True,0,,2229.73889997229,1933.5256000049412,3376,2026-06-25 21:09:11.835,2026-06-25 21:09:14.065,13,1,Body #1,"target=47.94.77.104:8004, method_path=/com.tcl.xr.voice.message.AlgorithmNlpService/Chat, request=com.tcl.xr.voice.message.ChatRequest, response=com.tcl.xr.voice.message.ChatResponse, server_streaming=True, payload_bytes=179"
151,True,0,,1680.4166999645531,1574.4284000247717,3376,2026-06-25 21:09:12.449,2026-06-25 21:09:14.129,13,1,Body #1,"target=47.94.77.104:8004, method_path=/com.tcl.xr.voice.message.AlgorithmNlpService/Chat, request=com.tcl.xr.voice.message.ChatRequest, response=com.tcl.xr.voice.message.ChatResponse, server_streaming=True, payload_bytes=179"
173,True,0,,441.2203999236226,397.6286998949945,232,2026-06-25 21:09:13.908,2026-06-25 21:09:14.349,14,3,Body #3,"target=47.94.77.104:8004, method_path=/com.tcl.xr.voice.message.AlgorithmNlpService/Chat, request=com.tcl.xr.voice.message.ChatRequest, response=com.tcl.xr.voice.message.ChatResponse, server_streaming=True, payload_bytes=191"
174,True,0,,454.2767000384629,420.6866999156773,300,2026-06-25 21:09:13.920,2026-06-25 21:09:14.373,14,4,Body #4,"target=47.94.77.104:8004, method_path=/com.tcl.xr.voice.message.AlgorithmNlpService/Chat, request=com.tcl.xr.voice.message.ChatRequest, response=com.tcl.xr.voice.message.ChatResponse, server_streaming=True, payload_bytes=182"
172,True,0,,539.4951000344008,489.79640007019043,269,2026-06-25 21:09:13.896,2026-06-25 21:09:14.436,14,2,Body #2,"target=47.94.77.104:8004, method_path=/com.tcl.xr.voice.message.AlgorithmNlpService/Chat, request=com.tcl.xr.voice.message.ChatRequest, response=com.tcl.xr.voice.message.ChatResponse, server_streaming=True, payload_bytes=171"
159,True,0,,1224.1479000076652,1168.8129999674857,392,2026-06-25 21:09:13.223,2026-06-25 21:09:14.448,14,9,Body #9,"target=47.94.77.104:8004, method_path=/com.tcl.xr.voice.message.AlgorithmNlpService/Chat, request=com.tcl.xr.voice.message.ChatRequest, response=com.tcl.xr.voice.message.ChatResponse, server_streaming=True, payload_bytes=255"
150,True,0,,2035.5889000929892,1581.618000054732,3644,2026-06-25 21:09:12.431,2026-06-25 21:09:14.467,14,10,Body #10,"target=47.94.77.104:8004, method_path=/com.tcl.xr.voice.message.AlgorithmNlpService/Chat, request=com.tcl.xr.voice.message.ChatRequest, response=com.tcl.xr.voice.message.ChatResponse, server_streaming=True, payload_bytes=298"
165,True,0,,1096.0595000069588,1077.0078001078218,423,2026-06-25 21:09:13.415,2026-06-25 21:09:14.511,14,5,Body #5,"target=47.94.77.104:8004, method_path=/com.tcl.xr.voice.message.AlgorithmNlpService/Chat, request=com.tcl.xr.voice.message.ChatRequest, response=com.tcl.xr.voice.message.ChatResponse, server_streaming=True, payload_bytes=189"
166,True,0,,1102.5092001073062,1082.2531001176685,439,2026-06-25 21:09:13.449,2026-06-25 21:09:14.552,14,6,Body #6,"target=47.94.77.104:8004, method_path=/com.tcl.xr.voice.message.AlgorithmNlpService/Chat, request=com.tcl.xr.voice.message.ChatRequest, response=com.tcl.xr.voice.message.ChatResponse, server_streaming=True, payload_bytes=209"
157,True,0,,1913.5379998479038,1531.4655997790396,1791,2026-06-25 21:09:12.661,2026-06-25 21:09:14.574,14,7,Body #7,"target=47.94.77.104:8004, method_path=/com.tcl.xr.voice.message.AlgorithmNlpService/Chat, request=com.tcl.xr.voice.message.ChatRequest, response=com.tcl.xr.voice.message.ChatResponse, server_streaming=True, payload_bytes=173"
169,True,0,,851.285400101915,838.4614000096917,392,2026-06-25 21:09:13.784,2026-06-25 21:09:14.636,14,9,Body #9,"target=47.94.77.104:8004, method_path=/com.tcl.xr.voice.message.AlgorithmNlpService/Chat, request=com.tcl.xr.voice.message.ChatRequest, response=com.tcl.xr.voice.message.ChatResponse, server_streaming=True, payload_bytes=255"
158,True,0,,1966.0827000625432,1595.7919999491423,2595,2026-06-25 21:09:12.678,2026-06-25 21:09:14.644,14,8,Body #8,"target=47.94.77.104:8004, method_path=/com.tcl.xr.voice.message.AlgorithmNlpService/Chat, request=com.tcl.xr.voice.message.ChatRequest, response=com.tcl.xr.voice.message.ChatResponse, server_streaming=True, payload_bytes=182"
175,True,0,,935.3224001824856,895.2645000535995,423,2026-06-25 21:09:13.963,2026-06-25 21:09:14.897,14,5,Body #5,"target=47.94.77.104:8004, method_path=/com.tcl.xr.voice.message.AlgorithmNlpService/Chat, request=com.tcl.xr.voice.message.ChatRequest, response=com.tcl.xr.voice.message.ChatResponse, server_streaming=True, payload_bytes=189"
183,True,0,,472.5349999498576,444.86459996551275,232,2026-06-25 21:09:14.468,2026-06-25 21:09:14.941,14,3,Body #3,"target=47.94.77.104:8004, method_path=/com.tcl.xr.voice.message.AlgorithmNlpService/Chat, request=com.tcl.xr.voice.message.ChatRequest, response=com.tcl.xr.voice.message.ChatResponse, server_streaming=True, payload_bytes=191"
182,True,0,,547.5166998803616,525.1529000233859,283,2026-06-25 21:09:14.449,2026-06-25 21:09:14.997,14,2,Body #2,"target=47.94.77.104:8004, method_path=/com.tcl.xr.voice.message.AlgorithmNlpService/Chat, request=com.tcl.xr.voice.message.ChatRequest, response=com.tcl.xr.voice.message.ChatResponse, server_streaming=True, payload_bytes=171"
184,True,0,,492.04950011335313,462.6907000783831,288,2026-06-25 21:09:14.512,2026-06-25 21:09:15.004,14,4,Body #4,"target=47.94.77.104:8004, method_path=/com.tcl.xr.voice.message.AlgorithmNlpService/Chat, request=com.tcl.xr.voice.message.ChatRequest, response=com.tcl.xr.voice.message.ChatResponse, server_streaming=True, payload_bytes=182"
176,True,0,,1047.3009999841452,1028.8191998843104,435,2026-06-25 21:09:14.047,2026-06-25 21:09:15.094,14,6,Body #6,"target=47.94.77.104:8004, method_path=/com.tcl.xr.voice.message.AlgorithmNlpService/Chat, request=com.tcl.xr.voice.message.ChatRequest, response=com.tcl.xr.voice.message.ChatResponse, server_streaming=True, payload_bytes=209"
179,True,0,,794.3311999551952,783.9190999511629,392,2026-06-25 21:09:14.350,2026-06-25 21:09:15.145,14,9,Body #9,"target=47.94.77.104:8004, method_path=/com.tcl.xr.voice.message.AlgorithmNlpService/Chat, request=com.tcl.xr.voice.message.ChatRequest, response=com.tcl.xr.voice.message.ChatResponse, server_streaming=True, payload_bytes=255"
167,True,0,,1684.6181999426335,1590.02669993788,1670,2026-06-25 21:09:13.468,2026-06-25 21:09:15.152,14,7,Body #7,"target=47.94.77.104:8004, method_path=/com.tcl.xr.voice.message.AlgorithmNlpService/Chat, request=com.tcl.xr.voice.message.ChatRequest, response=com.tcl.xr.voice.message.ChatResponse, server_streaming=True, payload_bytes=173"
160,True,0,,2053.2077001407743,1641.4167999755591,3052,2026-06-25 21:09:13.338,2026-06-25 21:09:15.392,15,10,Body #10,"target=47.94.77.104:8004, method_path=/com.tcl.xr.voice.message.AlgorithmNlpService/Chat, request=com.tcl.xr.voice.message.ChatRequest, response=com.tcl.xr.voice.message.ChatResponse, server_streaming=True, payload_bytes=298"
161,True,0,,2074.5480000041425,1695.0832000002265,3406,2026-06-25 21:09:13.339,2026-06-25 21:09:15.413,15,1,Body #1,"target=47.94.77.104:8004, method_path=/com.tcl.xr.voice.message.AlgorithmNlpService/Chat, request=com.tcl.xr.voice.message.ChatRequest, response=com.tcl.xr.voice.message.ChatResponse, server_streaming=True, payload_bytes=179"
168,True,0,,1817.7241999655962,1487.8970000427216,2595,2026-06-25 21:09:13.617,2026-06-25 21:09:15.435,15,8,Body #8,"target=47.94.77.104:8004, method_path=/com.tcl.xr.voice.message.AlgorithmNlpService/Chat, request=com.tcl.xr.voice.message.ChatRequest, response=com.tcl.xr.voice.message.ChatResponse, server_streaming=True, payload_bytes=182"
186,True,0,,878.2289999071509,872.5493000820279,435,2026-06-25 21:09:14.575,2026-06-25 21:09:15.454,15,6,Body #6,"target=47.94.77.104:8004, method_path=/com.tcl.xr.voice.message.AlgorithmNlpService/Chat, request=com.tcl.xr.voice.message.ChatRequest, response=com.tcl.xr.voice.message.ChatResponse, server_streaming=True, payload_bytes=209"
185,True,0,,916.6063000448048,909.0665001422167,423,2026-06-25 21:09:14.552,2026-06-25 21:09:15.469,15,5,Body #5,"target=47.94.77.104:8004, method_path=/com.tcl.xr.voice.message.AlgorithmNlpService/Chat, request=com.tcl.xr.voice.message.ChatRequest, response=com.tcl.xr.voice.message.ChatResponse, server_streaming=True, payload_bytes=189"
192,True,0,,549.1925000678748,521.7778999358416,275,2026-06-25 21:09:15.004,2026-06-25 21:09:15.554,15,2,Body #2,"target=47.94.77.104:8004, method_path=/com.tcl.xr.voice.message.AlgorithmNlpService/Chat, request=com.tcl.xr.voice.message.ChatRequest, response=com.tcl.xr.voice.message.ChatResponse, server_streaming=True, payload_bytes=171"
170,True,0,,1759.9443001672626,1531.657700194046,2490,2026-06-25 21:09:13.826,2026-06-25 21:09:15.586,15,10,Body #10,"target=47.94.77.104:8004, method_path=/com.tcl.xr.voice.message.AlgorithmNlpService/Chat, request=com.tcl.xr.voice.message.ChatRequest, response=com.tcl.xr.voice.message.ChatResponse, server_streaming=True, payload_bytes=298"
194,True,0,,473.1974999886006,441.68819999322295,306,2026-06-25 21:09:15.146,2026-06-25 21:09:15.618,15,4,Body #4,"target=47.94.77.104:8004, method_path=/com.tcl.xr.voice.message.AlgorithmNlpService/Chat, request=com.tcl.xr.voice.message.ChatRequest, response=com.tcl.xr.voice.message.ChatResponse, server_streaming=True, payload_bytes=182"
193,True,0,,565.5283001251519,546.4262999594212,232,2026-06-25 21:09:15.095,2026-06-25 21:09:15.661,15,3,Body #3,"target=47.94.77.104:8004, method_path=/com.tcl.xr.voice.message.AlgorithmNlpService/Chat, request=com.tcl.xr.voice.message.ChatRequest, response=com.tcl.xr.voice.message.ChatResponse, server_streaming=True, payload_bytes=191"
177,True,0,,1676.3987999875098,1501.648599980399,1791,2026-06-25 21:09:14.065,2026-06-25 21:09:15.743,15,7,Body #7,"target=47.94.77.104:8004, method_path=/com.tcl.xr.voice.message.AlgorithmNlpService/Chat, request=com.tcl.xr.voice.message.ChatRequest, response=com.tcl.xr.voice.message.ChatResponse, server_streaming=True, payload_bytes=173"
178,True,0,,1652.5406001601368,1429.0090000722557,2595,2026-06-25 21:09:14.130,2026-06-25 21:09:15.782,15,8,Body #8,"target=47.94.77.104:8004, method_path=/com.tcl.xr.voice.message.AlgorithmNlpService/Chat, request=com.tcl.xr.voice.message.ChatRequest, response=com.tcl.xr.voice.message.ChatResponse, server_streaming=True, payload_bytes=182"
171,True,0,,2016.3456997834146,1787.8117999061942,3260,2026-06-25 21:09:13.838,2026-06-25 21:09:15.855,15,1,Body #1,"target=47.94.77.104:8004, method_path=/com.tcl.xr.voice.message.AlgorithmNlpService/Chat, request=com.tcl.xr.voice.message.ChatRequest, response=com.tcl.xr.voice.message.ChatResponse, server_streaming=True, payload_bytes=179"
180,True,0,,1518.9694999717176,1479.7194998245686,2600,2026-06-25 21:09:14.374,2026-06-25 21:09:15.894,15,10,Body #10,"target=47.94.77.104:8004, method_path=/com.tcl.xr.voice.message.AlgorithmNlpService/Chat, request=com.tcl.xr.voice.message.ChatRequest, response=com.tcl.xr.voice.message.ChatResponse, server_streaming=True, payload_bytes=298"
181,True,0,,1472.630999982357,1427.6682001072913,3382,2026-06-25 21:09:14.436,2026-06-25 21:09:15.909,15,1,Body #1,"target=47.94.77.104:8004, method_path=/com.tcl.xr.voice.message.AlgorithmNlpService/Chat, request=com.tcl.xr.voice.message.ChatRequest, response=com.tcl.xr.voice.message.ChatResponse, server_streaming=True, payload_bytes=179"
188,True,0,,1340.1052001863718,1323.7623001914471,2595,2026-06-25 21:09:14.645,2026-06-25 21:09:15.986,15,8,Body #8,"target=47.94.77.104:8004, method_path=/com.tcl.xr.voice.message.AlgorithmNlpService/Chat, request=com.tcl.xr.voice.message.ChatRequest, response=com.tcl.xr.voice.message.ChatResponse, server_streaming=True, payload_bytes=182"
187,True,0,,1373.3075999189168,1361.2915000412613,1202,2026-06-25 21:09:14.637,2026-06-25 21:09:16.010,15,7,Body #7,"target=47.94.77.104:8004, method_path=/com.tcl.xr.voice.message.AlgorithmNlpService/Chat, request=com.tcl.xr.voice.message.ChatRequest, response=com.tcl.xr.voice.message.ChatResponse, server_streaming=True, payload_bytes=173"
189,True,0,,1209.3591000884771,1197.669900022447,392,2026-06-25 21:09:14.899,2026-06-25 21:09:16.108,15,9,Body #9,"target=47.94.77.104:8004, method_path=/com.tcl.xr.voice.message.AlgorithmNlpService/Chat, request=com.tcl.xr.voice.message.ChatRequest, response=com.tcl.xr.voice.message.ChatResponse, server_streaming=True, payload_bytes=255"
195,True,0,,1079.4224999845028,1079.3079000432044,423,2026-06-25 21:09:15.153,2026-06-25 21:09:16.233,16,5,Body #5,"target=47.94.77.104:8004, method_path=/com.tcl.xr.voice.message.AlgorithmNlpService/Chat, request=com.tcl.xr.voice.message.ChatRequest, response=com.tcl.xr.voice.message.ChatResponse, server_streaming=True, payload_bytes=189"
196,True,0,,840.9952998626977,839.0826999675483,435,2026-06-25 21:09:15.393,2026-06-25 21:09:16.234,16,6,Body #6,"target=47.94.77.104:8004, method_path=/com.tcl.xr.voice.message.AlgorithmNlpService/Chat, request=com.tcl.xr.voice.message.ChatRequest, response=com.tcl.xr.voice.message.ChatResponse, server_streaming=True, payload_bytes=209"
199,True,0,,780.2155998069793,777.2747999988496,392,2026-06-25 21:09:15.455,2026-06-25 21:09:16.235,16,9,Body #9,"target=47.94.77.104:8004, method_path=/com.tcl.xr.voice.message.AlgorithmNlpService/Chat, request=com.tcl.xr.voice.message.ChatRequest, response=com.tcl.xr.voice.message.ChatResponse, server_streaming=True, payload_bytes=255"
190,True,0,,1453.545599943027,1439.3372000195086,2154,2026-06-25 21:09:14.942,2026-06-25 21:09:16.394,16,10,Body #10,"target=47.94.77.104:8004, method_path=/com.tcl.xr.voice.message.AlgorithmNlpService/Chat, request=com.tcl.xr.voice.message.ChatRequest, response=com.tcl.xr.voice.message.ChatResponse, server_streaming=True, payload_bytes=298"
191,True,0,,1456.4813000615686,1440.9068000968546,3382,2026-06-25 21:09:14.998,2026-06-25 21:09:16.454,16,1,Body #1,"target=47.94.77.104:8004, method_path=/com.tcl.xr.voice.message.AlgorithmNlpService/Chat, request=com.tcl.xr.voice.message.ChatRequest, response=com.tcl.xr.voice.message.ChatResponse, server_streaming=True, payload_bytes=179"
197,True,0,,1069.0196000505239,1057.9045999329537,1323,2026-06-25 21:09:15.414,2026-06-25 21:09:16.484,16,7,Body #7,"target=47.94.77.104:8004, method_path=/com.tcl.xr.voice.message.AlgorithmNlpService/Chat, request=com.tcl.xr.voice.message.ChatRequest, response=com.tcl.xr.voice.message.ChatResponse, server_streaming=True, payload_bytes=173"
198,True,0,,1100.3322000615299,1095.5339001957327,2456,2026-06-25 21:09:15.436,2026-06-25 21:09:16.536,16,8,Body #8,"target=47.94.77.104:8004, method_path=/com.tcl.xr.voice.message.AlgorithmNlpService/Chat, request=com.tcl.xr.voice.message.ChatRequest, response=com.tcl.xr.voice.message.ChatResponse, server_streaming=True, payload_bytes=182"
200,True,0,,1206.7106999456882,1191.435300046578,2716,2026-06-25 21:09:15.470,2026-06-25 21:09:16.677,16,10,Body #10,"target=47.94.77.104:8004, method_path=/com.tcl.xr.voice.message.AlgorithmNlpService/Chat, request=com.tcl.xr.voice.message.ChatRequest, response=com.tcl.xr.voice.message.ChatResponse, server_streaming=True, payload_bytes=298"
